S no.,name,repo url,default branch,codacy integration,custom properties
1,admin-groupdeposits-api,https://github.com/octanner/admin-groupdeposits-api,master,yes,SOC
2,admin-groupdespoits-ui,https://github.com/octanner/admin-groupdespoits-ui,master,no,SOC
3,admin-livestats-api,https://github.com/octanner/admin-livestats-api,master,no,SOC
4,admin-livestats-ui,https://github.com/octanner/admin-livestats-ui,master,no,SOC
5,admin-recognition-cap-ui,https://github.com/octanner/admin-recognition-cap-ui,master,yes,SOC
6,admin-recognitioncap-api,https://github.com/octanner/admin-recognitioncap-api,master,yes,SOC
7,admin-tools-auth-api,https://github.com/octanner/admin-tools-auth-api,master,yes,SOC
8,admin-tools-data-export-api,https://github.com/octanner/admin-tools-data-export-api,master,yes,SOC
9,admin-tools-ui,https://github.com/octanner/admin-tools-ui,master,yes,SOC
10,admin-tools-user-activity-api,https://github.com/octanner/admin-tools-user-activity-api,master,yes,SOC
11,admin-tools-yearbook-api,https://github.com/octanner/admin-tools-yearbook-api,master,yes,SOC
12,admin-tools-yearbook-ui,https://github.com/octanner/admin-tools-yearbook-ui,master,yes,SOC
13,adminhome-dataexport-api,https://github.com/octanner/adminhome-dataexport-api,master,no,SOC
14,adminhome-groupdeposits-ui,https://github.com/octanner/adminhome-groupdeposits-ui,master,no,SOC
15,adminhome-integrations-api,https://github.com/octanner/adminhome-integrations-api,master,yes,SOC
16,adminhome-integrations-ui,https://github.com/octanner/adminhome-integrations-ui,master,yes,SOC
17,admt-employee-activity-ui,https://github.com/octanner/admt-employee-activity-ui,master,yes,SOC
18,advrpt-be,https://github.com/octanner/advrpt-be,dev,no,SOC
19,aikuchi,https://github.com/octanner/aikuchi,master,no,SOC
20,akkeris-credential-injector,https://github.com/octanner/akkeris-credential-injector,master,no,SOC
21,align-android,https://github.com/octanner/align-android,master,no,SOC
22,align-bot,https://github.com/octanner/align-bot,master,no,SOC
23,align-conversations,https://github.com/octanner/align-conversations,master,yes,SOC
24,align-firebase-rules,https://github.com/octanner/align-firebase-rules,master,no,SOC
25,align-font,https://github.com/octanner/align-font,master,no,SOC
26,align-ios,https://github.com/octanner/align-ios,master,no,SOC
27,align-is-moving,https://github.com/octanner/align-is-moving,master,no,SOC
28,align-mobile-android-automation,https://github.com/octanner/align-mobile-android-automation,master,no,SOC
29,Align-Onboarding-Play,https://github.com/octanner/Align-Onboarding-Play,master,no,SOC
30,align-teams,https://github.com/octanner/align-teams,master,yes,SOC
31,align-topics,https://github.com/octanner/align-topics,main,yes,SOC
32,align-web,https://github.com/octanner/align-web,main,yes,SOC
33,amp,https://github.com/octanner/amp,main,no,SOC
34,anniversary-api,https://github.com/octanner/anniversary-api,master,no,SOC
35,anniversary-ui,https://github.com/octanner/anniversary-ui,master,no,SOC
36,annotation-maker,https://github.com/octanner/annotation-maker,master,no,SOC
37,anorak,https://github.com/octanner/anorak,master,no,SOC
38,api,https://github.com/octanner/api,master,no,SOC
39,apidocs-publisher,https://github.com/octanner/apidocs-publisher,master,no,SOC
40,apim-certificate-monitor,https://github.com/octanner/apim-certificate-monitor,main,no,SOC
41,apim-gateway,https://github.com/octanner/apim-gateway,master,no,SOC
42,apim-gateway-integration,https://github.com/octanner/apim-gateway-integration,master,no,SOC
43,apim-portal-admin-ui,https://github.com/octanner/apim-portal-admin-ui,master,no,SOC
44,apim-portal-backend,https://github.com/octanner/apim-portal-backend,master,yes,SOC
45,apim-portal-ui,https://github.com/octanner/apim-portal-ui,master,no,SOC
46,apim_integration,https://github.com/octanner/apim_integration,master,yes,SOC
47,app-security-training,https://github.com/octanner/app-security-training,master,no,SOC
48,appd-envoy,https://github.com/octanner/appd-envoy,master,no,SOC
49,appkit-ak47-plugin,https://github.com/octanner/appkit-ak47-plugin,master,no,SOC
50,appkit-alerts-plugin,https://github.com/octanner/appkit-alerts-plugin,master,no,SOC
51,appkit-ecard-plugin,https://github.com/octanner/appkit-ecard-plugin,master,no,SOC
52,appkit-event-plugin,https://github.com/octanner/appkit-event-plugin,master,no,SOC
53,appkit-firefighter-plugin,https://github.com/octanner/appkit-firefighter-plugin,main,no,SOC
54,appkit-jam-plugin,https://github.com/octanner/appkit-jam-plugin,master,no,SOC
55,appkit-plugin-genesis,https://github.com/octanner/appkit-plugin-genesis,master,no,SOC
56,appkit-plugin-performance,https://github.com/octanner/appkit-plugin-performance,master,no,SOC
57,appkit-plugin-security,https://github.com/octanner/appkit-plugin-security,master,no,SOC
58,appkit-plugin-visionrouter,https://github.com/octanner/appkit-plugin-visionrouter,master,no,SOC
59,appkit-socs-plugin,https://github.com/octanner/appkit-socs-plugin,master,no,SOC
60,appkit-taas-plugin,https://github.com/octanner/appkit-taas-plugin,master,no,SOC
61,appkit-ui-components,https://github.com/octanner/appkit-ui-components,master,no,SOC
62,appreciate-bot,https://github.com/octanner/appreciate-bot,master,yes,SOC
63,appreciation-prompts,https://github.com/octanner/appreciation-prompts,master,yes,SOC
64,array-editor,https://github.com/octanner/array-editor,master,no,SOC
65,artifactory-demo,https://github.com/octanner/artifactory-demo,master,no,SOC
66,asset-manager,https://github.com/octanner/asset-manager,main,no,SOC
67,AssignOperatorRfid,https://github.com/octanner/AssignOperatorRfid,master,no,SOC
68,auditor-test,https://github.com/octanner/auditor-test,master,no,SOC
69,auth-client.java,https://github.com/octanner/auth-client.java,master,no,SOC
70,auth-directive-demo,https://github.com/octanner/auth-directive-demo,master,no,SOC
71,auth-ios,https://github.com/octanner/auth-ios,master,no,SOC
72,auth-oc_tanner-play,https://github.com/octanner/auth-oc_tanner-play,master,no,SOC
73,auth-oc_tanner-servlet.java,https://github.com/octanner/auth-oc_tanner-servlet.java,master,no,SOC
74,auth-oc_tanner.java,https://github.com/octanner/auth-oc_tanner.java,master,no,SOC
75,auth-oc_tanner.node,https://github.com/octanner/auth-oc_tanner.node,master,yes,SOC
76,AuthAndConsent,https://github.com/octanner/AuthAndConsent,master,no,SOC
77,avro-registry-client,https://github.com/octanner/avro-registry-client,master,no,SOC
78,award-orderhistory,https://github.com/octanner/award-orderhistory,master,no,SOC
79,award-redeem,https://github.com/octanner/award-redeem,master,no,SOC
80,barbarian,https://github.com/octanner/barbarian,master,no,SOC
81,bashir,https://github.com/octanner/bashir,master,no,SOC
82,basic-scala-and-play-framework-application,https://github.com/octanner/basic-scala-and-play-framework-application,master,no,SOC
83,BatchUpdate,https://github.com/octanner/BatchUpdate,master,no,SOC
84,bfrancom-go,https://github.com/octanner/bfrancom-go,main,no,SOC
85,bfrancom-testing,https://github.com/octanner/bfrancom-testing,master,no,SOC
86,BI,https://github.com/octanner/BI,master,no,SOC
87,bouncer,https://github.com/octanner/bouncer,master,no,SOC
88,brenmac,https://github.com/octanner/brenmac,master,no,SOC
89,brochure_services_client,https://github.com/octanner/brochure_services_client,master,no,SOC
90,budget-dashboard-ui,https://github.com/octanner/budget-dashboard-ui,master,yes,SOC
91,budget-mgmt-tools-api,https://github.com/octanner/budget-mgmt-tools-api,master,yes,SOC
92,budget-mgmt-tools-ui,https://github.com/octanner/budget-mgmt-tools-ui,master,yes,SOC
93,budget-scanner,https://github.com/octanner/budget-scanner,master,no,SOC
94,budget_slick_table_gen,https://github.com/octanner/budget_slick_table_gen,master,no,SOC
95,build-your-own-radar,https://github.com/octanner/build-your-own-radar,master,no,SOC
96,ca-awardlevelapi,https://github.com/octanner/ca-awardlevelapi,master,no,SOC
97,ca-dnis-api,https://github.com/octanner/ca-dnis-api,master,no,SOC
98,ca-envision,https://github.com/octanner/ca-envision,master,no,SOC
99,cbauth,https://github.com/octanner/cbauth,master,no,SOC
100,cc-admin,https://github.com/octanner/cc-admin,master,no,SOC
101,cc-admin-employee-activity-ui,https://github.com/octanner/cc-admin-employee-activity-ui,master,no,SOC
102,cc-asset-migration,https://github.com/octanner/cc-asset-migration,master,no,SOC
103,cc-font-api,https://github.com/octanner/cc-font-api,master,no,SOC
104,cc-give-ui,https://github.com/octanner/cc-give-ui,main,no,SOC
105,cc-initiatives-graphql,https://github.com/octanner/cc-initiatives-graphql,master,no,SOC
106,cc-initiatives-ui,https://github.com/octanner/cc-initiatives-ui,master,yes,SOC
107,cc-recog-oauth,https://github.com/octanner/cc-recog-oauth,master,no,SOC
108,cc-recognition,https://github.com/octanner/cc-recognition,main,yes,SOC
109,cc-tagging-manager,https://github.com/octanner/cc-tagging-manager,master,no,SOC
110,cc-theme-ui-backend,https://github.com/octanner/cc-theme-ui-backend,master,no,SOC
111,cc-themes-ui,https://github.com/octanner/cc-themes-ui,master,no,SOC
112,cc-vibes-ui,https://github.com/octanner/cc-vibes-ui,main,yes,SOC
113,cc-victories-graphql,https://github.com/octanner/cc-victories-graphql,master,no,SOC
114,cc-web-config,https://github.com/octanner/cc-web-config,main,no,SOC
115,cc-yearbook-aggregation-service,https://github.com/octanner/cc-yearbook-aggregation-service,master,no,SOC
116,cc-yearbook-api,https://github.com/octanner/cc-yearbook-api,master,yes,SOC
117,cc-yearbook-batch-controller,https://github.com/octanner/cc-yearbook-batch-controller,master,no,SOC
118,cc-yearbook-content-api,https://github.com/octanner/cc-yearbook-content-api,master,no,SOC
119,cc-yearbook-graphql,https://github.com/octanner/cc-yearbook-graphql,master,no,SOC
120,cc-yearbook-html2pdf,https://github.com/octanner/cc-yearbook-html2pdf,master,no,SOC
121,cc-yearbook-order-data-api,https://github.com/octanner/cc-yearbook-order-data-api,master,no,SOC
122,cc-yearbook-print-messaging-service,https://github.com/octanner/cc-yearbook-print-messaging-service,main,no,SOC
123,cc-yearbook-vendor-mock,https://github.com/octanner/cc-yearbook-vendor-mock,main,no,SOC
124,ccadmin-client-config-service,https://github.com/octanner/ccadmin-client-config-service,master,no,SOC
125,ccadmin-root,https://github.com/octanner/ccadmin-root,main,no,SOC
126,ccloud-follow-watcher,https://github.com/octanner/ccloud-follow-watcher,main,no,SOC
127,ccloud-images-api,https://github.com/octanner/ccloud-images-api,main,no,SOC
128,ccloud-load-runner,https://github.com/octanner/ccloud-load-runner,master,no,SOC
129,ccloud-tasks-api,https://github.com/octanner/ccloud-tasks-api,master,no,SOC
130,ccloud-tasks-command-stream,https://github.com/octanner/ccloud-tasks-command-stream,main,no,SOC
131,ccloud-tasks-watcher,https://github.com/octanner/ccloud-tasks-watcher,main,no,SOC
132,ccloud-ui,https://github.com/octanner/ccloud-ui,main,yes,SOC
133,ccm-settings,https://github.com/octanner/ccm-settings,main,no,SOC
134,ccmc-hub,https://github.com/octanner/ccmc-hub,master,yes,SOC
135,ccmc-push,https://github.com/octanner/ccmc-push,master,yes,SOC
136,ccmc-sms,https://github.com/octanner/ccmc-sms,master,yes,SOC
137,ccmigration,https://github.com/octanner/ccmigration,main,no,SOC
138,ccui-collector,https://github.com/octanner/ccui-collector,master,no,SOC
139,ccuiorc,https://github.com/octanner/ccuiorc,main,no,SOC
140,celebrationsui,https://github.com/octanner/celebrationsui,main,yes,SOC
141,circleci-nodejs,https://github.com/octanner/circleci-nodejs,main,no,SOC
142,Circles,https://github.com/octanner/Circles,master,no,SOC
143,cli-gitflow-plugin,https://github.com/octanner/cli-gitflow-plugin,master,no,SOC
144,client-services-automation,https://github.com/octanner/client-services-automation,master,no,SOC
145,clientlink-dataset-review,https://github.com/octanner/clientlink-dataset-review,master,yes,SOC
146,cns-cortex,https://github.com/octanner/cns-cortex,main,yes,SOC
147,cns-crisco,https://github.com/octanner/cns-crisco,main,no,SOC
148,cns-crisco-resolver,https://github.com/octanner/cns-crisco-resolver,main,no,SOC
149,cns-crisco-sticks,https://github.com/octanner/cns-crisco-sticks,main,no,SOC
150,cns-esp-adapter-java,https://github.com/octanner/cns-esp-adapter-java,main,no,SOC
151,cns-esp-adapter-nodejs,https://github.com/octanner/cns-esp-adapter-nodejs,main,no,SOC
152,cns-orchestration-service,https://github.com/octanner/cns-orchestration-service,main,no,SOC
153,color-generator,https://github.com/octanner/color-generator,master,no,SOC
154,comcon-examples,https://github.com/octanner/comcon-examples,master,no,SOC
155,commhubws,https://github.com/octanner/commhubws,master,no,SOC
156,common-alerts,https://github.com/octanner/common-alerts,master,no,SOC
157,common-auth.ruby,https://github.com/octanner/common-auth.ruby,master,no,SOC
158,common-avro-schemas,https://github.com/octanner/common-avro-schemas,nonprod-avro-schemas,no,SOC
159,common-core-migration,https://github.com/octanner/common-core-migration,master,no,SOC
160,common-profile-ui,https://github.com/octanner/common-profile-ui,master,no,SOC
161,common-services-app,https://github.com/octanner/common-services-app,master,no,SOC
162,common-ui-jacket,https://github.com/octanner/common-ui-jacket,master,no,SOC
163,communication-hub,https://github.com/octanner/communication-hub,master,no,SOC
164,communication_services_client,https://github.com/octanner/communication_services_client,master,no,SOC
165,concert-postman-env,https://github.com/octanner/concert-postman-env,master,no,SOC
166,config-wizard-ui,https://github.com/octanner/config-wizard-ui,master,no,SOC
167,configr8,https://github.com/octanner/configr8,master,no,SOC
168,configurable-queries,https://github.com/octanner/configurable-queries,master,yes,SOC
169,consul-oc_tanner-lock-client,https://github.com/octanner/consul-oc_tanner-lock-client,master,yes,SOC
170,core-admin-ui,https://github.com/octanner/core-admin-ui,master,no,SOC
171,core-alamo-scripts,https://github.com/octanner/core-alamo-scripts,master,no,SOC
172,core-auth-osb-broker,https://github.com/octanner/core-auth-osb-broker,master,no,SOC
173,core-budget-svc,https://github.com/octanner/core-budget-svc,main,yes,SOC
174,core-business-unit,https://github.com/octanner/core-business-unit,master,yes,SOC
175,core-chronicle-svc,https://github.com/octanner/core-chronicle-svc,main,yes,SOC
176,core-consent-api,https://github.com/octanner/core-consent-api,main,no,SOC
177,core-customer,https://github.com/octanner/core-customer,master,no,SOC
178,core-customer-config,https://github.com/octanner/core-customer-config,master,yes,SOC
179,core-data-remediation-ui,https://github.com/octanner/core-data-remediation-ui,master,no,SOC
180,core-eligibility,https://github.com/octanner/core-eligibility,master,no,SOC
181,core-eligibility-producer,https://github.com/octanner/core-eligibility-producer,master,no,SOC
182,core-graphql,https://github.com/octanner/core-graphql,master,yes,SOC
183,core-hierarchy-service,https://github.com/octanner/core-hierarchy-service,master,yes,SOC
184,core-hierarchy-store,https://github.com/octanner/core-hierarchy-store,master,no,SOC
185,core-identity,https://github.com/octanner/core-identity,dev,no,SOC
186,core-identity2,https://github.com/octanner/core-identity2,master,yes,SOC
187,core-identity2-hierarchy-search-test,https://github.com/octanner/core-identity2-hierarchy-search-test,main,no,SOC
188,core-idp,https://github.com/octanner/core-idp,master,no,SOC
189,core-import-api,https://github.com/octanner/core-import-api,master,no,SOC
190,core-import-java-api,https://github.com/octanner/core-import-java-api,master,yes,SOC
191,core-legacy-privacy-api,https://github.com/octanner/core-legacy-privacy-api,main,yes,SOC
192,core-location,https://github.com/octanner/core-location,main,yes,SOC
193,core-masterdata,https://github.com/octanner/core-masterdata,master,yes,SOC
194,core-migrationvalidator,https://github.com/octanner/core-migrationvalidator,master,yes,SOC
195,core-oktapoc,https://github.com/octanner/core-oktapoc,master,no,SOC
196,core-permission-api,https://github.com/octanner/core-permission-api,master,no,SOC
197,core-permissions,https://github.com/octanner/core-permissions,master,no,SOC
198,core-pt-mgmt-svc,https://github.com/octanner/core-pt-mgmt-svc,master,yes,SOC
199,core-restful-avro-producer,https://github.com/octanner/core-restful-avro-producer,master,no,SOC
200,core-role-delegator,https://github.com/octanner/core-role-delegator,master,yes,SOC
201,core-secure-transfer-api,https://github.com/octanner/core-secure-transfer-api,master,no,SOC
202,core-secure-transfer-ui,https://github.com/octanner/core-secure-transfer-ui,main,no,SOC
203,core-sso,https://github.com/octanner/core-sso,main,no,SOC
204,core-system-user,https://github.com/octanner/core-system-user,main,no,SOC
205,core-template-mapping,https://github.com/octanner/core-template-mapping,master,no,SOC
206,core-user-segments,https://github.com/octanner/core-user-segments,master,yes,SOC
207,core-vibes-graphql,https://github.com/octanner/core-vibes-graphql,main,yes,SOC
208,core-vicmigrationui,https://github.com/octanner/core-vicmigrationui,master,no,SOC
209,core-wellness,https://github.com/octanner/core-wellness,develop,no,SOC
210,corp-oauth,https://github.com/octanner/corp-oauth,master,no,SOC
211,costcode-management-service,https://github.com/octanner/costcode-management-service,master,no,SOC
212,country-list,https://github.com/octanner/country-list,master,no,SOC
213,cpq-poc,https://github.com/octanner/cpq-poc,main,no,SOC
214,cpq-research,https://github.com/octanner/cpq-research,main,no,SOC
215,cpq-service-graphql,https://github.com/octanner/cpq-service-graphql,master,no,SOC
216,cpq-service-poc,https://github.com/octanner/cpq-service-poc,main,no,SOC
217,cpq-webui-poc,https://github.com/octanner/cpq-webui-poc,main,no,SOC
218,create-customer-clj,https://github.com/octanner/create-customer-clj,master,no,SOC
219,CSS-Theme-Variables,https://github.com/octanner/CSS-Theme-Variables,master,no,SOC
220,culture-cloud-android,https://github.com/octanner/culture-cloud-android,master,no,SOC
221,culture-cloud-demo,https://github.com/octanner/culture-cloud-demo,master,no,SOC
222,culture-cloud-ios,https://github.com/octanner/culture-cloud-ios,master,yes,SOC
223,culturecloud-android-automation,https://github.com/octanner/culturecloud-android-automation,master,yes,SOC
224,culturecloud-cdn,https://github.com/octanner/culturecloud-cdn,main,no,SOC
225,cylancescript,https://github.com/octanner/cylancescript,master,no,SOC
226,data-export-request-service,https://github.com/octanner/data-export-request-service,master,no,SOC
227,databus-producer,https://github.com/octanner/databus-producer,master,no,SOC
228,dba_maintenance,https://github.com/octanner/dba_maintenance,main,no,SOC
229,dctm-api,https://github.com/octanner/dctm-api,master,no,SOC
230,dctm-views,https://github.com/octanner/dctm-views,master,no,SOC
231,derek-bot,https://github.com/octanner/derek-bot,master,no,SOC
232,desc_identity_metrics,https://github.com/octanner/desc_identity_metrics,master,no,SOC
233,designau-common,https://github.com/octanner/designau-common,main,no,SOC
234,digicert-alerts,https://github.com/octanner/digicert-alerts,main,no,SOC
235,digital-yearbook-ui,https://github.com/octanner/digital-yearbook-ui,main,no,SOC
236,dimensions-api,https://github.com/octanner/dimensions-api,develop,no,SOC
237,dockerfile-wizard,https://github.com/octanner/dockerfile-wizard,master,no,SOC
238,docs,https://github.com/octanner/docs,master,no,SOC
239,doctumutils,https://github.com/octanner/doctumutils,master,no,SOC
240,documentum-rest-client-java,https://github.com/octanner/documentum-rest-client-java,master,no,SOC
241,documentum-service,https://github.com/octanner/documentum-service,master,no,SOC
242,documentum_services,https://github.com/octanner/documentum_services,master,no,SOC
243,drawing-demo-ios,https://github.com/octanner/drawing-demo-ios,master,no,SOC
244,ecard-admin,https://github.com/octanner/ecard-admin,master,no,SOC
245,ecard-api,https://github.com/octanner/ecard-api,master,no,SOC
246,ecertificates,https://github.com/octanner/ecertificates,master,yes,SOC
247,echo,https://github.com/octanner/echo,master,no,SOC
248,echo-db,https://github.com/octanner/echo-db,master,no,SOC
249,echo-db-api,https://github.com/octanner/echo-db-api,master,no,SOC
250,edb-p42,https://github.com/octanner/edb-p42,master,no,SOC
251,edb-p42-testdb,https://github.com/octanner/edb-p42-testdb,master,no,SOC
252,edb-scala-it-demo,https://github.com/octanner/edb-scala-it-demo,master,no,SOC
253,EDW,https://github.com/octanner/EDW,develop,no,SOC
254,ehokelytics_culture_cloud,https://github.com/octanner/ehokelytics_culture_cloud,master,no,SOC
255,ehokelytics_give,https://github.com/octanner/ehokelytics_give,master,no,SOC
256,email-process-worker,https://github.com/octanner/email-process-worker,master,no,SOC
257,email-templates,https://github.com/octanner/email-templates,master,no,SOC
258,engineering,https://github.com/octanner/engineering,main,no,SOC
259,entourage,https://github.com/octanner/entourage,master,no,SOC
260,epilog,https://github.com/octanner/epilog,master,no,SOC
261,eSmarts,https://github.com/octanner/eSmarts,master,no,SOC
262,eSmartsUI,https://github.com/octanner/eSmartsUI,master_dev,no,SOC
263,espy,https://github.com/octanner/espy,master,no,SOC
264,events-data-replicator,https://github.com/octanner/events-data-replicator,dev,no,SOC
265,events-publish-api,https://github.com/octanner/events-publish-api,master,yes,SOC
266,events-wiki,https://github.com/octanner/events-wiki,master,no,SOC
267,eventsgo,https://github.com/octanner/eventsgo,master,no,SOC
268,eventsgocass,https://github.com/octanner/eventsgocass,master,no,SOC
269,example-graphql-generate,https://github.com/octanner/example-graphql-generate,main,no,SOC
270,example-graphql-namespace,https://github.com/octanner/example-graphql-namespace,master,no,SOC
271,extrahop,https://github.com/octanner/extrahop,main,no,SOC
272,falco,https://github.com/octanner/falco,master,no,SOC
273,fed-graphql-poc,https://github.com/octanner/fed-graphql-poc,master,no,SOC
274,fix_identity_topic,https://github.com/octanner/fix_identity_topic,master,no,SOC
275,flashback,https://github.com/octanner/flashback,master,no,SOC
276,frontend-interview,https://github.com/octanner/frontend-interview,main,no,SOC
277,frontend-template,https://github.com/octanner/frontend-template,main,no,SOC
278,geofeed,https://github.com/octanner/geofeed,main,no,SOC
279,github-license-monitor,https://github.com/octanner/github-license-monitor,main,no,SOC
280,github-projects-archiver,https://github.com/octanner/github-projects-archiver,master,no,SOC
281,github-repo-manager,https://github.com/octanner/github-repo-manager,master,no,SOC
282,give-widget,https://github.com/octanner/give-widget,master,no,SOC
283,globalship,https://github.com/octanner/globalship,master,no,SOC
284,Gmail-addin,https://github.com/octanner/Gmail-addin,master,no,SOC
285,go-reverse-url,https://github.com/octanner/go-reverse-url,master,no,SOC
286,google-doc-addin,https://github.com/octanner/google-doc-addin,master,no,SOC
287,GoogleAuth,https://github.com/octanner/GoogleAuth,master,no,SOC
288,graphql-gateway,https://github.com/octanner/graphql-gateway,master,no,SOC
289,graphql-gateway-testing,https://github.com/octanner/graphql-gateway-testing,main,no,SOC
290,graphql-identity,https://github.com/octanner/graphql-identity,master,no,SOC
291,graphql-play-client-example,https://github.com/octanner/graphql-play-client-example,master,no,SOC
292,greatwork-ios,https://github.com/octanner/greatwork-ios,master,no,SOC
293,gwp-solution-program-api,https://github.com/octanner/gwp-solution-program-api,master,yes,SOC
294,gzip_file_upload,https://github.com/octanner/gzip_file_upload,master,no,SOC
295,heartbeater,https://github.com/octanner/heartbeater,master,no,SOC
296,hero-configurator,https://github.com/octanner/hero-configurator,main,no,SOC
297,hrisIntegration,https://github.com/octanner/hrisIntegration,master,no,SOC
298,http4s-common-lib,https://github.com/octanner/http4s-common-lib,master,no,SOC
299,http4s-template.g8,https://github.com/octanner/http4s-template.g8,master,no,SOC
300,hybris,https://github.com/octanner/hybris,develop-ccv2,yes,SOC
301,hybris-appreciatekit,https://github.com/octanner/hybris-appreciatekit,master,no,SOC
302,hybris-team,https://github.com/octanner/hybris-team,master,no,SOC
303,hyper-serializer,https://github.com/octanner/hyper-serializer,master,no,SOC
304,iAppreciate,https://github.com/octanner/iAppreciate,trunk,no,SOC
305,identity-load,https://github.com/octanner/identity-load,master,no,SOC
306,identity-to-marketing-cloud,https://github.com/octanner/identity-to-marketing-cloud,master,no,SOC
307,ifs-3d-sensor,https://github.com/octanner/ifs-3d-sensor,master,no,SOC
308,ignition,https://github.com/octanner/ignition,main,no,SOC
309,images,https://github.com/octanner/images,master,yes,SOC
310,import-map-deployer,https://github.com/octanner/import-map-deployer,main,no,SOC
311,individual-events,https://github.com/octanner/individual-events,master,no,SOC
312,influx-api,https://github.com/octanner/influx-api,master,no,SOC
313,informd,https://github.com/octanner/informd,master,no,SOC
314,initiatives-api,https://github.com/octanner/initiatives-api,master,yes,SOC
315,initiatives-api-graphql,https://github.com/octanner/initiatives-api-graphql,master,no,SOC
316,initiatives-ui,https://github.com/octanner/initiatives-ui,master,yes,SOC
317,InnovationAR,https://github.com/octanner/InnovationAR,master,no,SOC
318,insight,https://github.com/octanner/insight,master,no,SOC
319,insight-handler,https://github.com/octanner/insight-handler,master,no,SOC
320,insights-notebooks,https://github.com/octanner/insights-notebooks,main,no,SOC
321,integ-chrome-addin,https://github.com/octanner/integ-chrome-addin,master,yes,SOC
322,integ-edge-addin,https://github.com/octanner/integ-edge-addin,master,yes,SOC
323,integ-embed-addin,https://github.com/octanner/integ-embed-addin,master,no,SOC
324,integ-firefox-addin,https://github.com/octanner/integ-firefox-addin,master,yes,SOC
325,integ-jira-addin,https://github.com/octanner/integ-jira-addin,master,no,SOC
326,integ-sapsuccess-api,https://github.com/octanner/integ-sapsuccess-api,master,no,SOC
327,integ-slack-app,https://github.com/octanner/integ-slack-app,master,yes,SOC
328,integ-webex-addin,https://github.com/octanner/integ-webex-addin,master,no,SOC
329,integ-zoom-app,https://github.com/octanner/integ-zoom-app,master,no,SOC
330,integration-api,https://github.com/octanner/integration-api,master,no,SOC
331,integration_framework,https://github.com/octanner/integration_framework,master,no,SOC
332,integrations-api,https://github.com/octanner/integrations-api,master,no,SOC
333,integrations-safari-extension,https://github.com/octanner/integrations-safari-extension,master,yes,SOC
334,integrations-teams-bot,https://github.com/octanner/integrations-teams-bot,master,yes,SOC
335,ios-animation-example,https://github.com/octanner/ios-animation-example,master,no,SOC
336,iOS-ARKit-ImageRecognition,https://github.com/octanner/iOS-ARKit-ImageRecognition,master,no,SOC
337,iOS-ARKit-QuickLook,https://github.com/octanner/iOS-ARKit-QuickLook,master,no,SOC
338,ios-array-editor,https://github.com/octanner/ios-array-editor,master,no,SOC
339,ios-design-system,https://github.com/octanner/ios-design-system,master,no,SOC
340,ios-environment-switcher,https://github.com/octanner/ios-environment-switcher,master,no,SOC
341,ios-network-stack,https://github.com/octanner/ios-network-stack,master,no,SOC
342,ios-team,https://github.com/octanner/ios-team,master,no,SOC
343,ITDS-DigitalPlumbers,https://github.com/octanner/ITDS-DigitalPlumbers,main,no,SOC
344,jarvis,https://github.com/octanner/jarvis,main,no,SOC
345,java-guild-gui,https://github.com/octanner/java-guild-gui,master,no,SOC
346,jira-ws,https://github.com/octanner/jira-ws,master,no,SOC
347,kafka-connect-jdbc,https://github.com/octanner/kafka-connect-jdbc,master,no,SOC
348,kafka_connect_runner,https://github.com/octanner/kafka_connect_runner,master,no,SOC
349,kafkajs-avro,https://github.com/octanner/kafkajs-avro,main,no,SOC
350,kapacitor-alerts-api,https://github.com/octanner/kapacitor-alerts-api,master,no,SOC
351,kill-oracle,https://github.com/octanner/kill-oracle,master,no,SOC
352,kiseru,https://github.com/octanner/kiseru,master,no,SOC
353,kit-routing,https://github.com/octanner/kit-routing,master,no,SOC
354,kue-example,https://github.com/octanner/kue-example,master,no,SOC
355,labsbot,https://github.com/octanner/labsbot,master,no,SOC
356,landoop-connect-ui,https://github.com/octanner/landoop-connect-ui,master,no,SOC
357,langs,https://github.com/octanner/langs,master,no,SOC
358,leader_dashboard_poc,https://github.com/octanner/leader_dashboard_poc,master,no,SOC
359,legacy-yearbook-consumer,https://github.com/octanner/legacy-yearbook-consumer,master,no,SOC
360,LegacyUserMapping,https://github.com/octanner/LegacyUserMapping,master,no,SOC
361,lfg-appreciatekit,https://github.com/octanner/lfg-appreciatekit,master,no,SOC
362,LibLaserCut,https://github.com/octanner/LibLaserCut,develop,no,SOC
363,lids-mfg-history,https://github.com/octanner/lids-mfg-history,master,no,SOC
364,lids-workstation-gui,https://github.com/octanner/lids-workstation-gui,master,no,SOC
365,LidsStationCopy,https://github.com/octanner/LidsStationCopy,master,no,SOC
366,lighthouse-dashboard,https://github.com/octanner/lighthouse-dashboard,master,no,SOC
367,lockpick,https://github.com/octanner/lockpick,master,no,SOC
368,logging.java,https://github.com/octanner/logging.java,master,no,SOC
369,logging.scala,https://github.com/octanner/logging.scala,master,no,SOC
370,login,https://github.com/octanner/login,dev,no,SOC
371,logtester,https://github.com/octanner/logtester,master,no,SOC
372,manager-dashboard,https://github.com/octanner/manager-dashboard,master,no,SOC
373,marketing-cloud-adapter,https://github.com/octanner/marketing-cloud-adapter,main,yes,SOC
374,marketing-point-push,https://github.com/octanner/marketing-point-push,master,no,SOC
375,material-translations-api,https://github.com/octanner/material-translations-api,master,no,SOC
376,mdw-mftadmin-mft,https://github.com/octanner/mdw-mftadmin-mft,master,no,SOC
377,mdw-mftadmin-mft_v1,https://github.com/octanner/mdw-mftadmin-mft_v1,master,no,SOC
378,mdw-pi-scripts,https://github.com/octanner/mdw-pi-scripts,master,no,SOC
379,media-api,https://github.com/octanner/media-api,master,no,SOC
380,media-library,https://github.com/octanner/media-library,main,no,SOC
381,media-versioning-system,https://github.com/octanner/media-versioning-system,main,no,SOC
382,memcachier,https://github.com/octanner/memcachier,master,yes,SOC
383,message-automate-scheduler,https://github.com/octanner/message-automate-scheduler,master,no,SOC
384,message-hub,https://github.com/octanner/message-hub,master,yes,SOC
385,message-manager,https://github.com/octanner/message-manager,master,no,SOC
386,mfg-data-service,https://github.com/octanner/mfg-data-service,master,no,SOC
387,mfg-history,https://github.com/octanner/mfg-history,master,no,SOC
388,mfg-postgres-service,https://github.com/octanner/mfg-postgres-service,master,no,SOC
389,microbot,https://github.com/octanner/microbot,master,no,SOC
390,MilestoneBirt,https://github.com/octanner/MilestoneBirt,master,no,SOC
391,milestones,https://github.com/octanner/milestones,master,no,SOC
392,milestones-cdn,https://github.com/octanner/milestones-cdn,master,no,SOC
393,mobile-property-based-testing,https://github.com/octanner/mobile-property-based-testing,mobile_test_01,no,SOC
394,msgpack5,https://github.com/octanner/msgpack5,master,no,SOC
395,myteam-api,https://github.com/octanner/myteam-api,main,yes,SOC
396,network-stack-ios,https://github.com/octanner/network-stack-ios,master,no,SOC
397,nginx-s3-proxy,https://github.com/octanner/nginx-s3-proxy,master,no,SOC
398,nginx-to-s3-cache,https://github.com/octanner/nginx-to-s3-cache,master,no,SOC
399,niel-bot,https://github.com/octanner/niel-bot,master,no,SOC
400,NiFI,https://github.com/octanner/NiFI,master,no,SOC
401,nodachi,https://github.com/octanner/nodachi,master,no,SOC
402,note-editor-api,https://github.com/octanner/note-editor-api,master,no,SOC
403,novus-badges-api,https://github.com/octanner/novus-badges-api,master,no,SOC
404,novus-blockchain,https://github.com/octanner/novus-blockchain,main,no,SOC
405,NTPSolrConfigFiles,https://github.com/octanner/NTPSolrConfigFiles,master,no,SOC
406,nudge-engine,https://github.com/octanner/nudge-engine,main,no,SOC
407,oc-downpage,https://github.com/octanner/oc-downpage,master,no,SOC
408,oct-attache,https://github.com/octanner/oct-attache,master,no,SOC
409,oct-auth-ui,https://github.com/octanner/oct-auth-ui,master,no,SOC
410,oct-bank,https://github.com/octanner/oct-bank,master,no,SOC
411,oct-cloudtrail-audit,https://github.com/octanner/oct-cloudtrail-audit,master,no,SOC
412,oct-connect-dialect,https://github.com/octanner/oct-connect-dialect,master,no,SOC
413,oct-core-auth-starter,https://github.com/octanner/oct-core-auth-starter,main,no,SOC
414,oct-dockerfiles,https://github.com/octanner/oct-dockerfiles,master,no,SOC
415,oct-graphql-client-java,https://github.com/octanner/oct-graphql-client-java,master,no,SOC
416,oct-graphql-client-java-path-gen-maven-plugin,https://github.com/octanner/oct-graphql-client-java-path-gen-maven-plugin,master,no,SOC
417,oct-graphql-reference,https://github.com/octanner/oct-graphql-reference,main,no,SOC
418,oct-graphql-schema-check-java-plugin,https://github.com/octanner/oct-graphql-schema-check-java-plugin,master,no,SOC
419,oct-http-client-jar,https://github.com/octanner/oct-http-client-jar,master,no,SOC
420,oct-java-sdk,https://github.com/octanner/oct-java-sdk,main,no,SOC
421,oct-log,https://github.com/octanner/oct-log,master,no,SOC
422,oct-log-client,https://github.com/octanner/oct-log-client,master,no,SOC
423,oct-milestones,https://github.com/octanner/oct-milestones,main,no,SOC
424,oct-sbtcache,https://github.com/octanner/oct-sbtcache,master,no,SOC
425,oct_comm_scheduler_ui,https://github.com/octanner/oct_comm_scheduler_ui,master,no,SOC
426,oct_event_client_library,https://github.com/octanner/oct_event_client_library,master,no,SOC
427,octcfinvalidate,https://github.com/octanner/octcfinvalidate,master,no,SOC
428,OCTKiosk,https://github.com/octanner/OCTKiosk,master,no,SOC
429,oracle-db,https://github.com/octanner/oracle-db,master,no,SOC
430,orch-api,https://github.com/octanner/orch-api,master,no,SOC
431,orchestration_server,https://github.com/octanner/orchestration_server,master,no,SOC
432,orchestration_services_client,https://github.com/octanner/orchestration_services_client,master,no,SOC
433,OrderCoordinator,https://github.com/octanner/OrderCoordinator,dev,no,SOC
434,outlook-addin,https://github.com/octanner/outlook-addin,master,yes,SOC
435,p42-cc-notifications,https://github.com/octanner/p42-cc-notifications,master,no,SOC
436,pa_print_manager,https://github.com/octanner/pa_print_manager,master,yes,SOC
437,paws,https://github.com/octanner/paws,master,yes,SOC
438,pdf-sso,https://github.com/octanner/pdf-sso,master,no,SOC
439,peer-api,https://github.com/octanner/peer-api,master,no,SOC
440,peer-reports,https://github.com/octanner/peer-reports,master,no,SOC
441,perf-auth,https://github.com/octanner/perf-auth,master,no,SOC
442,perf-bank-api,https://github.com/octanner/perf-bank-api,dev,yes,SOC
443,perf-datareplicator-base,https://github.com/octanner/perf-datareplicator-base,master,no,SOC
444,perf-email-publisher,https://github.com/octanner/perf-email-publisher,master,no,SOC
445,perf-events-consumer,https://github.com/octanner/perf-events-consumer,dev,no,SOC
446,perf-give-api,https://github.com/octanner/perf-give-api,dev,yes,SOC
447,perf-greatwork-ui,https://github.com/octanner/perf-greatwork-ui,master,yes,SOC
448,perf-redemption-api,https://github.com/octanner/perf-redemption-api,master,no,SOC
449,perf-report-query-gem,https://github.com/octanner/perf-report-query-gem,master,no,SOC
450,perf-user-account-api,https://github.com/octanner/perf-user-account-api,dev,yes,SOC
451,perf-user-sync,https://github.com/octanner/perf-user-sync,dev,no,SOC
452,perf-usersearch,https://github.com/octanner/perf-usersearch,dev,no,SOC
453,perfapi,https://github.com/octanner/perfapi,dev,yes,SOC
454,perfcommon,https://github.com/octanner/perfcommon,master,no,SOC
455,perfext,https://github.com/octanner/perfext,master,no,SOC
456,perfint,https://github.com/octanner/perfint,master,no,SOC
457,perfork,https://github.com/octanner/perfork,dev,no,SOC
458,performance-documentation,https://github.com/octanner/performance-documentation,master,no,SOC
459,perfservices,https://github.com/octanner/perfservices,master,no,SOC
460,phishfood,https://github.com/octanner/phishfood,master,no,SOC
461,pingfed-dev,https://github.com/octanner/pingfed-dev,main,no,SOC
462,pingfed-idcs,https://github.com/octanner/pingfed-idcs,master,no,SOC
463,pingfed-logout,https://github.com/octanner/pingfed-logout,master,no,SOC
464,pingfed-monitor,https://github.com/octanner/pingfed-monitor,master,no,SOC
465,pingfed-test,https://github.com/octanner/pingfed-test,master,no,SOC
466,platform-api-docs,https://github.com/octanner/platform-api-docs,master,no,SOC
467,platform-api-docs-lib,https://github.com/octanner/platform-api-docs-lib,master,no,SOC
468,platform-auth-api,https://github.com/octanner/platform-auth-api,master,yes,SOC
469,platform-caching-client,https://github.com/octanner/platform-caching-client,master,no,SOC
470,platform-client-logging-lib,https://github.com/octanner/platform-client-logging-lib,master,yes,SOC
471,platform-consent-ui,https://github.com/octanner/platform-consent-ui,dev,no,SOC
472,platform-dataload,https://github.com/octanner/platform-dataload,master,no,SOC
473,platform-eligibility-api,https://github.com/octanner/platform-eligibility-api,master,yes,SOC
474,platform-identity-service,https://github.com/octanner/platform-identity-service,master,no,SOC
475,platform-play-scala-seed,https://github.com/octanner/platform-play-scala-seed,master,no,SOC
476,platform-policy-api,https://github.com/octanner/platform-policy-api,dev,yes,SOC
477,platform-profile-api,https://github.com/octanner/platform-profile-api,master,yes,SOC
478,platform-schema-sync,https://github.com/octanner/platform-schema-sync,master,yes,SOC
479,platform-service-auth-lib,https://github.com/octanner/platform-service-auth-lib,master,no,SOC
480,platform-services-docs,https://github.com/octanner/platform-services-docs,master,no,SOC
481,platform-users,https://github.com/octanner/platform-users,master,yes,SOC
482,play-api-base,https://github.com/octanner/play-api-base,master,no,SOC
483,play-rabbitmq,https://github.com/octanner/play-rabbitmq,master,yes,SOC
484,poll-nuxeo-da,https://github.com/octanner/poll-nuxeo-da,master,no,SOC
485,pppolling,https://github.com/octanner/pppolling,master,no,SOC
486,prestigeui,https://github.com/octanner/prestigeui,main,no,SOC
487,printcomm,https://github.com/octanner/printcomm,master,no,SOC
488,prism-ui,https://github.com/octanner/prism-ui,main,no,SOC
489,prism-ui-legacy,https://github.com/octanner/prism-ui-legacy,main,no,SOC
490,privacy-policy,https://github.com/octanner/privacy-policy,master,no,SOC
491,PushTester,https://github.com/octanner/PushTester,master,no,SOC
492,python_practice,https://github.com/octanner/python_practice,master,no,SOC
493,quality_issue_web_service,https://github.com/octanner/quality_issue_web_service,master,no,SOC
494,quality_issue_web_service_api,https://github.com/octanner/quality_issue_web_service_api,master,no,SOC
495,recognition-api,https://github.com/octanner/recognition-api,master,yes,SOC
496,recognition-guid-generator,https://github.com/octanner/recognition-guid-generator,master,no,SOC
497,recognition-static-content,https://github.com/octanner/recognition-static-content,master,no,SOC
498,recognition-ui,https://github.com/octanner/recognition-ui,master,no,SOC
499,recommended-give-api,https://github.com/octanner/recommended-give-api,master,yes,SOC
500,rekognize-innov,https://github.com/octanner/rekognize-innov,master,no,SOC
501,renovator,https://github.com/octanner/renovator,master,no,SOC
502,ReportGenerator,https://github.com/octanner/ReportGenerator,master,no,SOC
503,rest-io-pojo,https://github.com/octanner/rest-io-pojo,master,no,SOC
504,ring-service,https://github.com/octanner/ring-service,master,no,SOC
505,router-metrics,https://github.com/octanner/router-metrics,master,no,SOC
506,ruby,https://github.com/octanner/ruby,master,no,SOC
507,s3_data_uploader,https://github.com/octanner/s3_data_uploader,master,no,SOC
508,sap-client,https://github.com/octanner/sap-client,master,no,SOC
509,sap_extract_to_parquet,https://github.com/octanner/sap_extract_to_parquet,master,no,SOC
510,sc-shared,https://github.com/octanner/sc-shared,master,no,SOC
511,scala-exercises,https://github.com/octanner/scala-exercises,master,no,SOC
512,scs-oauth2,https://github.com/octanner/scs-oauth2,master,no,SOC
513,scs-qedapi,https://github.com/octanner/scs-qedapi,master,no,SOC
514,scs-query-api,https://github.com/octanner/scs-query-api,master,no,SOC
515,security,https://github.com/octanner/security,master,no,SOC
516,server-profiles,https://github.com/octanner/server-profiles,main,no,SOC
517,shared-client-utils,https://github.com/octanner/shared-client-utils,main,no,SOC
518,sharepoint-addin,https://github.com/octanner/sharepoint-addin,master,no,SOC
519,sharepoint2013-addin,https://github.com/octanner/sharepoint2013-addin,master,no,SOC
520,shinai,https://github.com/octanner/shinai,master,yes,SOC
521,shlink-poc,https://github.com/octanner/shlink-poc,main,no,SOC
522,simple-secrets,https://github.com/octanner/simple-secrets,master,no,SOC
523,simply-admin,https://github.com/octanner/simply-admin,master,no,SOC
524,simply-product-crm,https://github.com/octanner/simply-product-crm,master,no,SOC
525,single-spa-example,https://github.com/octanner/single-spa-example,main,no,SOC
526,sit-test,https://github.com/octanner/sit-test,main,no,SOC
527,skills-api,https://github.com/octanner/skills-api,main,no,SOC
528,skills-finder-api,https://github.com/octanner/skills-finder-api,main,no,SOC
529,skills-finder-consumer,https://github.com/octanner/skills-finder-consumer,main,no,SOC
530,Smarts-DataManager,https://github.com/octanner/Smarts-DataManager,master_dev,no,SOC
531,smartsErrorManager,https://github.com/octanner/smartsErrorManager,master,no,SOC
532,snowflake-api,https://github.com/octanner/snowflake-api,master,no,SOC
533,snowflake_cloner,https://github.com/octanner/snowflake_cloner,master,no,SOC
534,social-api,https://github.com/octanner/social-api,main,no,SOC
535,social-config-ingest,https://github.com/octanner/social-config-ingest,main,no,SOC
536,social-data-example,https://github.com/octanner/social-data-example,master,no,SOC
537,social-data-give,https://github.com/octanner/social-data-give,main,no,SOC
538,social-data-unified-feed,https://github.com/octanner/social-data-unified-feed,master,no,SOC
539,social-es-sink,https://github.com/octanner/social-es-sink,main,no,SOC
540,socs-reporter,https://github.com/octanner/socs-reporter,master,no,SOC
541,soda,https://github.com/octanner/soda,master,yes,SOC
542,soda-data-extraction,https://github.com/octanner/soda-data-extraction,master,yes,SOC
543,solarwinds-k8s,https://github.com/octanner/solarwinds-k8s,main,no,SOC
544,sort-code-poc,https://github.com/octanner/sort-code-poc,main,no,SOC
545,spring-graphql-demo,https://github.com/octanner/spring-graphql-demo,master,no,SOC
546,sqlargh,https://github.com/octanner/sqlargh,master,no,SOC
547,sqlawwh,https://github.com/octanner/sqlawwh,master,no,SOC
548,Streamserve,https://github.com/octanner/Streamserve,master,no,SOC
549,styles-api,https://github.com/octanner/styles-api,master,yes,SOC
550,sync-amp-nuxeo,https://github.com/octanner/sync-amp-nuxeo,master,no,SOC
551,sysdig-agent,https://github.com/octanner/sysdig-agent,main,no,SOC
552,tableau_hyper,https://github.com/octanner/tableau_hyper,master,no,SOC
553,TableauUserMappingService,https://github.com/octanner/TableauUserMappingService,master,no,SOC
554,taishokyu,https://github.com/octanner/taishokyu,master,no,SOC
555,Talend,https://github.com/octanner/Talend,master,no,SOC
556,Talend-CA,https://github.com/octanner/Talend-CA,master,no,SOC
557,Talend-DataExportTool,https://github.com/octanner/Talend-DataExportTool,master,no,SOC
558,Talend-DeltaLegacyYearbook,https://github.com/octanner/Talend-DeltaLegacyYearbook,master,no,SOC
559,Talend-dve,https://github.com/octanner/Talend-dve,master,no,SOC
560,Talend-DVE2,https://github.com/octanner/Talend-DVE2,master,no,SOC
561,Talend-ProfessionalServices,https://github.com/octanner/Talend-ProfessionalServices,master,no,SOC
562,Talend-Recognition,https://github.com/octanner/Talend-Recognition,master,no,SOC
563,Talend-Reports,https://github.com/octanner/Talend-Reports,master,no,SOC
564,Talend-SupplyChainIntegrations,https://github.com/octanner/Talend-SupplyChainIntegrations,master,no,SOC
565,Talend-UpgradeTest,https://github.com/octanner/Talend-UpgradeTest,master,no,SOC
566,Talend-USReports,https://github.com/octanner/Talend-USReports,master,no,SOC
567,Talend-VictoriesBulkNomination,https://github.com/octanner/Talend-VictoriesBulkNomination,master,no,SOC
568,TalendAnonymization,https://github.com/octanner/TalendAnonymization,master,no,SOC
569,TalendRepo,https://github.com/octanner/TalendRepo,master,no,SOC
570,tanner-ui,https://github.com/octanner/tanner-ui,master,no,SOC
571,tanner-ui-icons,https://github.com/octanner/tanner-ui-icons,master,no,SOC
572,tasks-api,https://github.com/octanner/tasks-api,main,no,SOC
573,team-awards,https://github.com/octanner/team-awards,master,yes,SOC
574,team-awards-ui,https://github.com/octanner/team-awards-ui,master,yes,SOC
575,team-awards-web,https://github.com/octanner/team-awards-web,master,no,SOC
576,team_routing,https://github.com/octanner/team_routing,master,no,SOC
577,teamswidget-addin,https://github.com/octanner/teamswidget-addin,master,no,SOC
578,text2pic,https://github.com/octanner/text2pic,master,no,SOC
579,theme-tribute,https://github.com/octanner/theme-tribute,master,no,SOC
580,themes-auto-gen,https://github.com/octanner/themes-auto-gen,master,no,SOC
581,ticketmaster,https://github.com/octanner/ticketmaster,master,no,SOC
582,tooling,https://github.com/octanner/tooling,master,no,SOC
583,traffic-control,https://github.com/octanner/traffic-control,master,no,SOC
584,transformer-example,https://github.com/octanner/transformer-example,master,no,SOC
585,translations-api,https://github.com/octanner/translations-api,master,no,SOC
586,trilogy_data_service,https://github.com/octanner/trilogy_data_service,master,yes,SOC
587,trs-routing,https://github.com/octanner/trs-routing,master,no,SOC
588,ucat-address-validation,https://github.com/octanner/ucat-address-validation,master,no,SOC
589,ucat-bank-router,https://github.com/octanner/ucat-bank-router,master,no,SOC
590,ucat-gateway,https://github.com/octanner/ucat-gateway,master,no,SOC
591,ucat-tracking,https://github.com/octanner/ucat-tracking,master,no,SOC
592,ucat-web-services,https://github.com/octanner/ucat-web-services,main,no,SOC
593,unified-give-widget,https://github.com/octanner/unified-give-widget,master,no,SOC
594,unite-js-widget,https://github.com/octanner/unite-js-widget,master,no,SOC
595,universal-bank-api,https://github.com/octanner/universal-bank-api,master,no,SOC
596,unleash-client-extended,https://github.com/octanner/unleash-client-extended,master,no,SOC
597,unleash-client-scala,https://github.com/octanner/unleash-client-scala,master,no,SOC
598,unleash-feature-list,https://github.com/octanner/unleash-feature-list,master,no,SOC
599,user-branding-api,https://github.com/octanner/user-branding-api,master,no,SOC
600,user-preferences-watcher,https://github.com/octanner/user-preferences-watcher,master,no,SOC
601,user-segments,https://github.com/octanner/user-segments,master,yes,SOC
602,ValidationToVictories,https://github.com/octanner/ValidationToVictories,master,no,SOC
603,vault-reader,https://github.com/octanner/vault-reader,master,no,SOC
604,vibes-cc,https://github.com/octanner/vibes-cc,master,no,SOC
605,vibes-core,https://github.com/octanner/vibes-core,main,no,SOC
606,victories-accounts-api,https://github.com/octanner/victories-accounts-api,master,yes,SOC
607,victories-accounts-ui,https://github.com/octanner/victories-accounts-ui,master,yes,SOC
608,victories-banking-api,https://github.com/octanner/victories-banking-api,master,yes,SOC
609,victories-cc,https://github.com/octanner/victories-cc,master,no,SOC
610,victories-devices-api,https://github.com/octanner/victories-devices-api,master,yes,SOC
611,victories-id-migrate,https://github.com/octanner/victories-id-migrate,master,no,SOC
612,victories-initiatives-api,https://github.com/octanner/victories-initiatives-api,master,yes,SOC
613,victories-mobile-settings,https://github.com/octanner/victories-mobile-settings,master,no,SOC
614,victories-piidata-anonymize-api,https://github.com/octanner/victories-piidata-anonymize-api,master,no,SOC
615,victories-single-header,https://github.com/octanner/victories-single-header,master,no,SOC
616,victories-test-data-cleanup,https://github.com/octanner/victories-test-data-cleanup,master,no,SOC
617,victories-ucat-gateway,https://github.com/octanner/victories-ucat-gateway,master,yes,SOC
618,victories-ui,https://github.com/octanner/victories-ui,master,yes,SOC
619,victories-user-api,https://github.com/octanner/victories-user-api,master,no,SOC
620,victories-user-client,https://github.com/octanner/victories-user-client,master,yes,SOC
621,Victories-Validation-Service,https://github.com/octanner/Victories-Validation-Service,master,no,SOC
622,victories_storybook,https://github.com/octanner/victories_storybook,master,no,SOC
623,vision-address-api,https://github.com/octanner/vision-address-api,dev,yes,SOC
624,vision-address-test,https://github.com/octanner/vision-address-test,master,no,SOC
625,vision-android,https://github.com/octanner/vision-android,kotlinMigration,no,SOC
626,vision-clienttext-api,https://github.com/octanner/vision-clienttext-api,master,no,SOC
627,vision-events-api,https://github.com/octanner/vision-events-api,dev,yes,SOC
628,vision-layouts-api,https://github.com/octanner/vision-layouts-api,dev,yes,SOC
629,vision-programs-api,https://github.com/octanner/vision-programs-api,dev,yes,SOC
630,voice-xp,https://github.com/octanner/voice-xp,master,no,SOC
631,vpactivity-api,https://github.com/octanner/vpactivity-api,master,yes,SOC
632,vpinfo-app,https://github.com/octanner/vpinfo-app,master,no,SOC
633,webgoat-lessons-oct,https://github.com/octanner/webgoat-lessons-oct,master,no,SOC
634,webshare,https://github.com/octanner/webshare,master,no,SOC
635,welbe-consumers,https://github.com/octanner/welbe-consumers,master,no,SOC
636,welbe-domain,https://github.com/octanner/welbe-domain,master,no,SOC
637,welbe-fit,https://github.com/octanner/welbe-fit,master,no,SOC
638,whalesay,https://github.com/octanner/whalesay,main,no,SOC
639,workday-integration,https://github.com/octanner/workday-integration,master,no,SOC
640,workplace-addin,https://github.com/octanner/workplace-addin,master,no,SOC
641,xbatch,https://github.com/octanner/xbatch,master,no,SOC
642,xpression-api,https://github.com/octanner/xpression-api,master,yes,SOC
643,yammer-integration,https://github.com/octanner/yammer-integration,master,yes,SOC
644,yearbook-api,https://github.com/octanner/yearbook-api,master,no,SOC
645,yearbook-assets,https://github.com/octanner/yearbook-assets,master,no,SOC
646,yearbook-builder-ui,https://github.com/octanner/yearbook-builder-ui,master,no,SOC
647,yearbook-cc-ui,https://github.com/octanner/yearbook-cc-ui,master,no,SOC
648,yearbook-comments-ui,https://github.com/octanner/yearbook-comments-ui,master,no,SOC
649,yearbook-configuration-ui,https://github.com/octanner/yearbook-configuration-ui,master,no,SOC
650,yearbook-link-api,https://github.com/octanner/yearbook-link-api,master,no,SOC
651,yearbook-program-settings,https://github.com/octanner/yearbook-program-settings,main,no,SOC
652,yearbook-ui,https://github.com/octanner/yearbook-ui,master,no,SOC
